name,email,password,creation_time
gurveen,gurveensahn@gmail.comi,1111,2023-12-02T13:42:50.117348
MICKEY,mickey@gmail.com,skdc,2023-12-02T14:01:29.235258
abcd,abc@gmail.comd,1234,2023-12-02T15:18:39.338993
nehmat,n@gmail.com,hellooo,2023-11-20T11:44:09.789
gurveen,gurveensahni@gmail.com,ggguuuuii,2023-11-30T14:00:30.061226
gurveen,gurveen1@gmail.com,112,2023-12-02T15:44:17.945984
falak,falak@gmailcom.,123,2023-12-01T15:33:19.441633
eren,uga@gmail.com,1234,2023-11-25T15:53:46.933206
gurveen,gurveen@gmail.com,1111,2023-12-02T13:42:29.498399
aa,aa@gmail.com,hello,2023-11-20T11:43:40.324
ria,ria@gmail.com,098,2023-12-02T15:20:54.008338
raju,raju,12345,2023-12-02T15:29:57.551138
